Year,Predicted_Unemployment_Rate,Lower_Bound,Upper_Bound
2022,5.865999999999993,5.2793999999999945,6.452599999999993
2023,5.936999999999995,5.343299999999996,6.530699999999995
2024,5.865999999999993,5.2793999999999945,6.452599999999993
2025,5.936999999999995,5.343299999999996,6.530699999999995
2026,5.865999999999993,5.2793999999999945,6.452599999999993
